"","names","urls"
"1","Abzug aller US- und UK-Truppen sowie US-Befehlsstellen aus Deutschland!","https://www.openpetition.de/petition/online/abzug-aller-us-und-uk-truppen-sowie-us-befehlsstellen-aus-deutschland"
"2","Dragonball Super auf Prosieben MAXX","https://www.openpetition.de/petition/online/dragonball-super-auf-prosieben-maxx"
"3","Kölner Fernbusbahnhof nicht an den Stadtrand legen - gegen Fernbusverbot in Köln !","https://www.openpetition.de/petition/online/koelner-fernbusbahnhof-nicht-an-den-stadtrand-legen-gegen-fernbusverbot-in-koeln"
"4","Für den Erhalt des privaten Sammelns // For preserving the right to privately collect","https://www.openpetition.de/petition/online/fuer-den-erhalt-des-privaten-sammelns"
"5","ARD, ZDF ... so GEZ nicht weiter! ZahlungsZWANG STOP! RundfunkREFORM JETZT! (Bayern)","https://www.openpetition.de/petition/online/ard-zdf-so-gez-nicht-weiter-bayern"
"6","Öffnet die Grenze - Kobanê muss leben!","https://www.openpetition.de/petition/online/oeffnet-die-grenze-kobane-muss-leben"
"7","Wiedereinführung der Grenzkontrollen an den EU-Binnengrenzen","https://www.openpetition.de/petition/online/wiedereinfuehrung-der-grenzkontrollen-an-den-deutschen-landesgrenzen"
"8","Ennertaufstieg: Nein!","https://www.openpetition.de/petition/online/ennertaufstieg-nein"
"9","Petition: Linie 9 muss bleiben! Statt stilllegen mit der Straßenbahn zum Cospudener See","https://www.openpetition.de/petition/online/mit-der-linie-9-zum-cospudener-see-connewitz-markkleeberg-nicht-vom-strassenbahnnetz-abklemmen"
"10","München Viehhof, Erhalt und Koexistenz: Gewerbe und Kino-Open-Air-Kultur-Festival müssen bleiben!","https://www.openpetition.de/petition/online/muenchen-viehhof-erhalt-und-koexistenz-gewerbe-und-kino-open-air-kultur-festival-muessen-bleiben"
"11","Pro Konstanzer Flugplatz","https://www.openpetition.de/petition/online/pro-konstanzer-flugplatz"
"12","Keine Zwangsexmatrikulationen – für ein kritisches und angeregtes Studium!","https://www.openpetition.de/petition/online/keine-zwangsexmatrikulationen-fur-ein-kritisches-und-angeregtes-studium"
"13","ARD, ZDF ... so GEZ nicht weiter! ZahlungsZWANG STOP! RundfunkREFORM JETZT! (Niedersachsen)","https://www.openpetition.de/petition/online/ard-zdf-so-gez-nicht-weiter-niedersachsen"
"14","Das Verbot Von Tieren Im Zirkus Ist Lange Überfällig ! Handeln Sie Jetzt !","https://www.openpetition.de/petition/online/das-verbot-von-tieren-im-zirkus-ist-lange-ueberfaellig-handeln-sie-jetzt"
"15","Rostock: Die Schleuse am Mühlendamm darf nicht zugeschüttet werden!","https://www.openpetition.de/petition/online/rostock-die-schleuse-am-muehlendamm-darf-nicht-zugeschuettet-werden"
"16","Arbeitsgenehmigung für Oumar Ba und Modou Cisse aus Diedorf","https://www.openpetition.de/petition/online/arbeitsgenehmigung-fuer-oumar-ba-und-modou-cisse-aus-diedorf"
"17","Gegen das Einschläfern von Rottweiler Pascha aus Duisburg: ""Bitte lasst mich nicht sterben!""","https://www.openpetition.de/petition/online/gegen-das-einschlaefern-von-rottweiler-pascha-aus-duisburg"
"18","Spesensätze für das Fahrpersonal erhöhen","https://www.openpetition.de/petition/online/spesensaetze-fuer-das-fahrpersonal-erhoehen"
"19","NABK CELLE - Nein zur Schließung","https://www.openpetition.de/petition/online/nabk-celle-nein-zur-schliessung"
"20","HAUS DER STADTKULTUR: Stadtmuseum ins Alte Gericht! Keine Umnutzung für „hochwertiges Wohnen“","https://www.openpetition.de/petition/online/haus-der-stadtkultur-stadtmuseum-ins-alte-gericht-keine-umnutzung-fuer-hochwertiges-wohnen"
"21","Erhalt des Notarztstandort Blankenrath","https://www.openpetition.de/petition/online/erhalt-des-notarztstandort-blankenrath"
"22","U-Bahn nach Freiham!","https://www.openpetition.de/petition/online/u-bahn-nach-freiham"
"23","Kein Mäusegift in der Landwirtschaft","https://www.openpetition.de/petition/online/kein-maeusegift-in-der-landwirtschaft"
"24","Abschaffung der Hunde-Rasseliste in Nordrhein-Westfalen","https://www.openpetition.de/petition/online/abschaffung-der-hunde-rasseliste-in-nordrhein-westfalen"
"25","Bürgerinitiative „Keine Mülldeponie im Steinbruch“ Mainz","https://www.openpetition.de/petition/online/buergerinitiative-keine-muelldeponie-im-steinbruch-mainz"
"26","Abzug aller US- und UK-Truppen sowie US-Befehlsstellen aus Deutschland!","https://www.openpetition.de/petition/online/abzug-aller-us-und-uk-truppen-sowie-us-befehlsstellen-aus-deutschland"
"27","Dragonball Super auf Prosieben MAXX","https://www.openpetition.de/petition/online/dragonball-super-auf-prosieben-maxx"
"28","Kölner Fernbusbahnhof nicht an den Stadtrand legen - gegen Fernbusverbot in Köln !","https://www.openpetition.de/petition/online/koelner-fernbusbahnhof-nicht-an-den-stadtrand-legen-gegen-fernbusverbot-in-koeln"
"29","Für den Erhalt des privaten Sammelns // For preserving the right to privately collect","https://www.openpetition.de/petition/online/fuer-den-erhalt-des-privaten-sammelns"
"30","ARD, ZDF ... so GEZ nicht weiter! ZahlungsZWANG STOP! RundfunkREFORM JETZT! (Bayern)","https://www.openpetition.de/petition/online/ard-zdf-so-gez-nicht-weiter-bayern"
"31","Öffnet die Grenze - Kobanê muss leben!","https://www.openpetition.de/petition/online/oeffnet-die-grenze-kobane-muss-leben"
"32","Wiedereinführung der Grenzkontrollen an den EU-Binnengrenzen","https://www.openpetition.de/petition/online/wiedereinfuehrung-der-grenzkontrollen-an-den-deutschen-landesgrenzen"
"33","Ennertaufstieg: Nein!","https://www.openpetition.de/petition/online/ennertaufstieg-nein"
"34","Petition: Linie 9 muss bleiben! Statt stilllegen mit der Straßenbahn zum Cospudener See","https://www.openpetition.de/petition/online/mit-der-linie-9-zum-cospudener-see-connewitz-markkleeberg-nicht-vom-strassenbahnnetz-abklemmen"
"35","München Viehhof, Erhalt und Koexistenz: Gewerbe und Kino-Open-Air-Kultur-Festival müssen bleiben!","https://www.openpetition.de/petition/online/muenchen-viehhof-erhalt-und-koexistenz-gewerbe-und-kino-open-air-kultur-festival-muessen-bleiben"
"36","Pro Konstanzer Flugplatz","https://www.openpetition.de/petition/online/pro-konstanzer-flugplatz"
"37","Keine Zwangsexmatrikulationen – für ein kritisches und angeregtes Studium!","https://www.openpetition.de/petition/online/keine-zwangsexmatrikulationen-fur-ein-kritisches-und-angeregtes-studium"
"38","ARD, ZDF ... so GEZ nicht weiter! ZahlungsZWANG STOP! RundfunkREFORM JETZT! (Niedersachsen)","https://www.openpetition.de/petition/online/ard-zdf-so-gez-nicht-weiter-niedersachsen"
"39","Das Verbot Von Tieren Im Zirkus Ist Lange Überfällig ! Handeln Sie Jetzt !","https://www.openpetition.de/petition/online/das-verbot-von-tieren-im-zirkus-ist-lange-ueberfaellig-handeln-sie-jetzt"
"40","Rostock: Die Schleuse am Mühlendamm darf nicht zugeschüttet werden!","https://www.openpetition.de/petition/online/rostock-die-schleuse-am-muehlendamm-darf-nicht-zugeschuettet-werden"
"41","Arbeitsgenehmigung für Oumar Ba und Modou Cisse aus Diedorf","https://www.openpetition.de/petition/online/arbeitsgenehmigung-fuer-oumar-ba-und-modou-cisse-aus-diedorf"
"42","Gegen das Einschläfern von Rottweiler Pascha aus Duisburg: ""Bitte lasst mich nicht sterben!""","https://www.openpetition.de/petition/online/gegen-das-einschlaefern-von-rottweiler-pascha-aus-duisburg"
"43","Spesensätze für das Fahrpersonal erhöhen","https://www.openpetition.de/petition/online/spesensaetze-fuer-das-fahrpersonal-erhoehen"
"44","NABK CELLE - Nein zur Schließung","https://www.openpetition.de/petition/online/nabk-celle-nein-zur-schliessung"
"45","HAUS DER STADTKULTUR: Stadtmuseum ins Alte Gericht! Keine Umnutzung für „hochwertiges Wohnen“","https://www.openpetition.de/petition/online/haus-der-stadtkultur-stadtmuseum-ins-alte-gericht-keine-umnutzung-fuer-hochwertiges-wohnen"
"46","Erhalt des Notarztstandort Blankenrath","https://www.openpetition.de/petition/online/erhalt-des-notarztstandort-blankenrath"
"47","U-Bahn nach Freiham!","https://www.openpetition.de/petition/online/u-bahn-nach-freiham"
"48","Kein Mäusegift in der Landwirtschaft","https://www.openpetition.de/petition/online/kein-maeusegift-in-der-landwirtschaft"
"49","Abschaffung der Hunde-Rasseliste in Nordrhein-Westfalen","https://www.openpetition.de/petition/online/abschaffung-der-hunde-rasseliste-in-nordrhein-westfalen"
"50","Bürgerinitiative „Keine Mülldeponie im Steinbruch“ Mainz","https://www.openpetition.de/petition/online/buergerinitiative-keine-muelldeponie-im-steinbruch-mainz"
"51","Abzug aller US- und UK-Truppen sowie US-Befehlsstellen aus Deutschland!","https://www.openpetition.de/petition/online/abzug-aller-us-und-uk-truppen-sowie-us-befehlsstellen-aus-deutschland"
"52","Dragonball Super auf Prosieben MAXX","https://www.openpetition.de/petition/online/dragonball-super-auf-prosieben-maxx"
"53","Kölner Fernbusbahnhof nicht an den Stadtrand legen - gegen Fernbusverbot in Köln !","https://www.openpetition.de/petition/online/koelner-fernbusbahnhof-nicht-an-den-stadtrand-legen-gegen-fernbusverbot-in-koeln"
"54","Für den Erhalt des privaten Sammelns // For preserving the right to privately collect","https://www.openpetition.de/petition/online/fuer-den-erhalt-des-privaten-sammelns"
"55","ARD, ZDF ... so GEZ nicht weiter! ZahlungsZWANG STOP! RundfunkREFORM JETZT! (Bayern)","https://www.openpetition.de/petition/online/ard-zdf-so-gez-nicht-weiter-bayern"
"56","Öffnet die Grenze - Kobanê muss leben!","https://www.openpetition.de/petition/online/oeffnet-die-grenze-kobane-muss-leben"
"57","Wiedereinführung der Grenzkontrollen an den EU-Binnengrenzen","https://www.openpetition.de/petition/online/wiedereinfuehrung-der-grenzkontrollen-an-den-deutschen-landesgrenzen"
"58","Ennertaufstieg: Nein!","https://www.openpetition.de/petition/online/ennertaufstieg-nein"
"59","Petition: Linie 9 muss bleiben! Statt stilllegen mit der Straßenbahn zum Cospudener See","https://www.openpetition.de/petition/online/mit-der-linie-9-zum-cospudener-see-connewitz-markkleeberg-nicht-vom-strassenbahnnetz-abklemmen"
"60","München Viehhof, Erhalt und Koexistenz: Gewerbe und Kino-Open-Air-Kultur-Festival müssen bleiben!","https://www.openpetition.de/petition/online/muenchen-viehhof-erhalt-und-koexistenz-gewerbe-und-kino-open-air-kultur-festival-muessen-bleiben"
"61","Pro Konstanzer Flugplatz","https://www.openpetition.de/petition/online/pro-konstanzer-flugplatz"
"62","Keine Zwangsexmatrikulationen – für ein kritisches und angeregtes Studium!","https://www.openpetition.de/petition/online/keine-zwangsexmatrikulationen-fur-ein-kritisches-und-angeregtes-studium"
"63","ARD, ZDF ... so GEZ nicht weiter! ZahlungsZWANG STOP! RundfunkREFORM JETZT! (Niedersachsen)","https://www.openpetition.de/petition/online/ard-zdf-so-gez-nicht-weiter-niedersachsen"
"64","Das Verbot Von Tieren Im Zirkus Ist Lange Überfällig ! Handeln Sie Jetzt !","https://www.openpetition.de/petition/online/das-verbot-von-tieren-im-zirkus-ist-lange-ueberfaellig-handeln-sie-jetzt"
"65","Rostock: Die Schleuse am Mühlendamm darf nicht zugeschüttet werden!","https://www.openpetition.de/petition/online/rostock-die-schleuse-am-muehlendamm-darf-nicht-zugeschuettet-werden"
"66","Arbeitsgenehmigung für Oumar Ba und Modou Cisse aus Diedorf","https://www.openpetition.de/petition/online/arbeitsgenehmigung-fuer-oumar-ba-und-modou-cisse-aus-diedorf"
"67","Gegen das Einschläfern von Rottweiler Pascha aus Duisburg: ""Bitte lasst mich nicht sterben!""","https://www.openpetition.de/petition/online/gegen-das-einschlaefern-von-rottweiler-pascha-aus-duisburg"
"68","Spesensätze für das Fahrpersonal erhöhen","https://www.openpetition.de/petition/online/spesensaetze-fuer-das-fahrpersonal-erhoehen"
"69","NABK CELLE - Nein zur Schließung","https://www.openpetition.de/petition/online/nabk-celle-nein-zur-schliessung"
"70","HAUS DER STADTKULTUR: Stadtmuseum ins Alte Gericht! Keine Umnutzung für „hochwertiges Wohnen“","https://www.openpetition.de/petition/online/haus-der-stadtkultur-stadtmuseum-ins-alte-gericht-keine-umnutzung-fuer-hochwertiges-wohnen"
"71","Erhalt des Notarztstandort Blankenrath","https://www.openpetition.de/petition/online/erhalt-des-notarztstandort-blankenrath"
"72","U-Bahn nach Freiham!","https://www.openpetition.de/petition/online/u-bahn-nach-freiham"
"73","Kein Mäusegift in der Landwirtschaft","https://www.openpetition.de/petition/online/kein-maeusegift-in-der-landwirtschaft"
"74","Abschaffung der Hunde-Rasseliste in Nordrhein-Westfalen","https://www.openpetition.de/petition/online/abschaffung-der-hunde-rasseliste-in-nordrhein-westfalen"
"75","Bürgerinitiative „Keine Mülldeponie im Steinbruch“ Mainz","https://www.openpetition.de/petition/online/buergerinitiative-keine-muelldeponie-im-steinbruch-mainz"
"76","Abzug aller US- und UK-Truppen sowie US-Befehlsstellen aus Deutschland!","https://www.openpetition.de/petition/online/abzug-aller-us-und-uk-truppen-sowie-us-befehlsstellen-aus-deutschland"
"77","Dragonball Super auf Prosieben MAXX","https://www.openpetition.de/petition/online/dragonball-super-auf-prosieben-maxx"
"78","Kölner Fernbusbahnhof nicht an den Stadtrand legen - gegen Fernbusverbot in Köln !","https://www.openpetition.de/petition/online/koelner-fernbusbahnhof-nicht-an-den-stadtrand-legen-gegen-fernbusverbot-in-koeln"
"79","Für den Erhalt des privaten Sammelns // For preserving the right to privately collect","https://www.openpetition.de/petition/online/fuer-den-erhalt-des-privaten-sammelns"
"80","ARD, ZDF ... so GEZ nicht weiter! ZahlungsZWANG STOP! RundfunkREFORM JETZT! (Bayern)","https://www.openpetition.de/petition/online/ard-zdf-so-gez-nicht-weiter-bayern"
"81","Öffnet die Grenze - Kobanê muss leben!","https://www.openpetition.de/petition/online/oeffnet-die-grenze-kobane-muss-leben"
"82","Wiedereinführung der Grenzkontrollen an den EU-Binnengrenzen","https://www.openpetition.de/petition/online/wiedereinfuehrung-der-grenzkontrollen-an-den-deutschen-landesgrenzen"
"83","Ennertaufstieg: Nein!","https://www.openpetition.de/petition/online/ennertaufstieg-nein"
"84","Petition: Linie 9 muss bleiben! Statt stilllegen mit der Straßenbahn zum Cospudener See","https://www.openpetition.de/petition/online/mit-der-linie-9-zum-cospudener-see-connewitz-markkleeberg-nicht-vom-strassenbahnnetz-abklemmen"
"85","München Viehhof, Erhalt und Koexistenz: Gewerbe und Kino-Open-Air-Kultur-Festival müssen bleiben!","https://www.openpetition.de/petition/online/muenchen-viehhof-erhalt-und-koexistenz-gewerbe-und-kino-open-air-kultur-festival-muessen-bleiben"
"86","Pro Konstanzer Flugplatz","https://www.openpetition.de/petition/online/pro-konstanzer-flugplatz"
"87","Keine Zwangsexmatrikulationen – für ein kritisches und angeregtes Studium!","https://www.openpetition.de/petition/online/keine-zwangsexmatrikulationen-fur-ein-kritisches-und-angeregtes-studium"
"88","ARD, ZDF ... so GEZ nicht weiter! ZahlungsZWANG STOP! RundfunkREFORM JETZT! (Niedersachsen)","https://www.openpetition.de/petition/online/ard-zdf-so-gez-nicht-weiter-niedersachsen"
"89","Das Verbot Von Tieren Im Zirkus Ist Lange Überfällig ! Handeln Sie Jetzt !","https://www.openpetition.de/petition/online/das-verbot-von-tieren-im-zirkus-ist-lange-ueberfaellig-handeln-sie-jetzt"
"90","Rostock: Die Schleuse am Mühlendamm darf nicht zugeschüttet werden!","https://www.openpetition.de/petition/online/rostock-die-schleuse-am-muehlendamm-darf-nicht-zugeschuettet-werden"
"91","Arbeitsgenehmigung für Oumar Ba und Modou Cisse aus Diedorf","https://www.openpetition.de/petition/online/arbeitsgenehmigung-fuer-oumar-ba-und-modou-cisse-aus-diedorf"
"92","Gegen das Einschläfern von Rottweiler Pascha aus Duisburg: ""Bitte lasst mich nicht sterben!""","https://www.openpetition.de/petition/online/gegen-das-einschlaefern-von-rottweiler-pascha-aus-duisburg"
"93","Spesensätze für das Fahrpersonal erhöhen","https://www.openpetition.de/petition/online/spesensaetze-fuer-das-fahrpersonal-erhoehen"
"94","NABK CELLE - Nein zur Schließung","https://www.openpetition.de/petition/online/nabk-celle-nein-zur-schliessung"
"95","HAUS DER STADTKULTUR: Stadtmuseum ins Alte Gericht! Keine Umnutzung für „hochwertiges Wohnen“","https://www.openpetition.de/petition/online/haus-der-stadtkultur-stadtmuseum-ins-alte-gericht-keine-umnutzung-fuer-hochwertiges-wohnen"
"96","Erhalt des Notarztstandort Blankenrath","https://www.openpetition.de/petition/online/erhalt-des-notarztstandort-blankenrath"
"97","U-Bahn nach Freiham!","https://www.openpetition.de/petition/online/u-bahn-nach-freiham"
"98","Kein Mäusegift in der Landwirtschaft","https://www.openpetition.de/petition/online/kein-maeusegift-in-der-landwirtschaft"
"99","Abschaffung der Hunde-Rasseliste in Nordrhein-Westfalen","https://www.openpetition.de/petition/online/abschaffung-der-hunde-rasseliste-in-nordrhein-westfalen"
"100","Bürgerinitiative „Keine Mülldeponie im Steinbruch“ Mainz","https://www.openpetition.de/petition/online/buergerinitiative-keine-muelldeponie-im-steinbruch-mainz"
"101","Abzug aller US- und UK-Truppen sowie US-Befehlsstellen aus Deutschland!","https://www.openpetition.de/petition/online/abzug-aller-us-und-uk-truppen-sowie-us-befehlsstellen-aus-deutschland"
"102","Dragonball Super auf Prosieben MAXX","https://www.openpetition.de/petition/online/dragonball-super-auf-prosieben-maxx"
"103","Kölner Fernbusbahnhof nicht an den Stadtrand legen - gegen Fernbusverbot in Köln !","https://www.openpetition.de/petition/online/koelner-fernbusbahnhof-nicht-an-den-stadtrand-legen-gegen-fernbusverbot-in-koeln"
"104","Für den Erhalt des privaten Sammelns // For preserving the right to privately collect","https://www.openpetition.de/petition/online/fuer-den-erhalt-des-privaten-sammelns"
"105","ARD, ZDF ... so GEZ nicht weiter! ZahlungsZWANG STOP! RundfunkREFORM JETZT! (Bayern)","https://www.openpetition.de/petition/online/ard-zdf-so-gez-nicht-weiter-bayern"
"106","Öffnet die Grenze - Kobanê muss leben!","https://www.openpetition.de/petition/online/oeffnet-die-grenze-kobane-muss-leben"
"107","Wiedereinführung der Grenzkontrollen an den EU-Binnengrenzen","https://www.openpetition.de/petition/online/wiedereinfuehrung-der-grenzkontrollen-an-den-deutschen-landesgrenzen"
"108","Ennertaufstieg: Nein!","https://www.openpetition.de/petition/online/ennertaufstieg-nein"
"109","Petition: Linie 9 muss bleiben! Statt stilllegen mit der Straßenbahn zum Cospudener See","https://www.openpetition.de/petition/online/mit-der-linie-9-zum-cospudener-see-connewitz-markkleeberg-nicht-vom-strassenbahnnetz-abklemmen"
"110","München Viehhof, Erhalt und Koexistenz: Gewerbe und Kino-Open-Air-Kultur-Festival müssen bleiben!","https://www.openpetition.de/petition/online/muenchen-viehhof-erhalt-und-koexistenz-gewerbe-und-kino-open-air-kultur-festival-muessen-bleiben"
"111","Pro Konstanzer Flugplatz","https://www.openpetition.de/petition/online/pro-konstanzer-flugplatz"
"112","Keine Zwangsexmatrikulationen – für ein kritisches und angeregtes Studium!","https://www.openpetition.de/petition/online/keine-zwangsexmatrikulationen-fur-ein-kritisches-und-angeregtes-studium"
"113","ARD, ZDF ... so GEZ nicht weiter! ZahlungsZWANG STOP! RundfunkREFORM JETZT! (Niedersachsen)","https://www.openpetition.de/petition/online/ard-zdf-so-gez-nicht-weiter-niedersachsen"
"114","Das Verbot Von Tieren Im Zirkus Ist Lange Überfällig ! Handeln Sie Jetzt !","https://www.openpetition.de/petition/online/das-verbot-von-tieren-im-zirkus-ist-lange-ueberfaellig-handeln-sie-jetzt"
"115","Rostock: Die Schleuse am Mühlendamm darf nicht zugeschüttet werden!","https://www.openpetition.de/petition/online/rostock-die-schleuse-am-muehlendamm-darf-nicht-zugeschuettet-werden"
"116","Arbeitsgenehmigung für Oumar Ba und Modou Cisse aus Diedorf","https://www.openpetition.de/petition/online/arbeitsgenehmigung-fuer-oumar-ba-und-modou-cisse-aus-diedorf"
"117","Gegen das Einschläfern von Rottweiler Pascha aus Duisburg: ""Bitte lasst mich nicht sterben!""","https://www.openpetition.de/petition/online/gegen-das-einschlaefern-von-rottweiler-pascha-aus-duisburg"
"118","Spesensätze für das Fahrpersonal erhöhen","https://www.openpetition.de/petition/online/spesensaetze-fuer-das-fahrpersonal-erhoehen"
"119","NABK CELLE - Nein zur Schließung","https://www.openpetition.de/petition/online/nabk-celle-nein-zur-schliessung"
"120","HAUS DER STADTKULTUR: Stadtmuseum ins Alte Gericht! Keine Umnutzung für „hochwertiges Wohnen“","https://www.openpetition.de/petition/online/haus-der-stadtkultur-stadtmuseum-ins-alte-gericht-keine-umnutzung-fuer-hochwertiges-wohnen"
"121","Erhalt des Notarztstandort Blankenrath","https://www.openpetition.de/petition/online/erhalt-des-notarztstandort-blankenrath"
"122","U-Bahn nach Freiham!","https://www.openpetition.de/petition/online/u-bahn-nach-freiham"
"123","Kein Mäusegift in der Landwirtschaft","https://www.openpetition.de/petition/online/kein-maeusegift-in-der-landwirtschaft"
"124","Abschaffung der Hunde-Rasseliste in Nordrhein-Westfalen","https://www.openpetition.de/petition/online/abschaffung-der-hunde-rasseliste-in-nordrhein-westfalen"
"125","Bürgerinitiative „Keine Mülldeponie im Steinbruch“ Mainz","https://www.openpetition.de/petition/online/buergerinitiative-keine-muelldeponie-im-steinbruch-mainz"
"126","Abzug aller US- und UK-Truppen sowie US-Befehlsstellen aus Deutschland!","https://www.openpetition.de/petition/online/abzug-aller-us-und-uk-truppen-sowie-us-befehlsstellen-aus-deutschland"
"127","Dragonball Super auf Prosieben MAXX","https://www.openpetition.de/petition/online/dragonball-super-auf-prosieben-maxx"
"128","Kölner Fernbusbahnhof nicht an den Stadtrand legen - gegen Fernbusverbot in Köln !","https://www.openpetition.de/petition/online/koelner-fernbusbahnhof-nicht-an-den-stadtrand-legen-gegen-fernbusverbot-in-koeln"
"129","Für den Erhalt des privaten Sammelns // For preserving the right to privately collect","https://www.openpetition.de/petition/online/fuer-den-erhalt-des-privaten-sammelns"
"130","ARD, ZDF ... so GEZ nicht weiter! ZahlungsZWANG STOP! RundfunkREFORM JETZT! (Bayern)","https://www.openpetition.de/petition/online/ard-zdf-so-gez-nicht-weiter-bayern"
"131","Öffnet die Grenze - Kobanê muss leben!","https://www.openpetition.de/petition/online/oeffnet-die-grenze-kobane-muss-leben"
"132","Wiedereinführung der Grenzkontrollen an den EU-Binnengrenzen","https://www.openpetition.de/petition/online/wiedereinfuehrung-der-grenzkontrollen-an-den-deutschen-landesgrenzen"
"133","Ennertaufstieg: Nein!","https://www.openpetition.de/petition/online/ennertaufstieg-nein"
"134","Petition: Linie 9 muss bleiben! Statt stilllegen mit der Straßenbahn zum Cospudener See","https://www.openpetition.de/petition/online/mit-der-linie-9-zum-cospudener-see-connewitz-markkleeberg-nicht-vom-strassenbahnnetz-abklemmen"
"135","München Viehhof, Erhalt und Koexistenz: Gewerbe und Kino-Open-Air-Kultur-Festival müssen bleiben!","https://www.openpetition.de/petition/online/muenchen-viehhof-erhalt-und-koexistenz-gewerbe-und-kino-open-air-kultur-festival-muessen-bleiben"
"136","Pro Konstanzer Flugplatz","https://www.openpetition.de/petition/online/pro-konstanzer-flugplatz"
"137","Keine Zwangsexmatrikulationen – für ein kritisches und angeregtes Studium!","https://www.openpetition.de/petition/online/keine-zwangsexmatrikulationen-fur-ein-kritisches-und-angeregtes-studium"
"138","ARD, ZDF ... so GEZ nicht weiter! ZahlungsZWANG STOP! RundfunkREFORM JETZT! (Niedersachsen)","https://www.openpetition.de/petition/online/ard-zdf-so-gez-nicht-weiter-niedersachsen"
"139","Das Verbot Von Tieren Im Zirkus Ist Lange Überfällig ! Handeln Sie Jetzt !","https://www.openpetition.de/petition/online/das-verbot-von-tieren-im-zirkus-ist-lange-ueberfaellig-handeln-sie-jetzt"
"140","Rostock: Die Schleuse am Mühlendamm darf nicht zugeschüttet werden!","https://www.openpetition.de/petition/online/rostock-die-schleuse-am-muehlendamm-darf-nicht-zugeschuettet-werden"
"141","Arbeitsgenehmigung für Oumar Ba und Modou Cisse aus Diedorf","https://www.openpetition.de/petition/online/arbeitsgenehmigung-fuer-oumar-ba-und-modou-cisse-aus-diedorf"
"142","Gegen das Einschläfern von Rottweiler Pascha aus Duisburg: ""Bitte lasst mich nicht sterben!""","https://www.openpetition.de/petition/online/gegen-das-einschlaefern-von-rottweiler-pascha-aus-duisburg"
"143","Spesensätze für das Fahrpersonal erhöhen","https://www.openpetition.de/petition/online/spesensaetze-fuer-das-fahrpersonal-erhoehen"
"144","NABK CELLE - Nein zur Schließung","https://www.openpetition.de/petition/online/nabk-celle-nein-zur-schliessung"
"145","HAUS DER STADTKULTUR: Stadtmuseum ins Alte Gericht! Keine Umnutzung für „hochwertiges Wohnen“","https://www.openpetition.de/petition/online/haus-der-stadtkultur-stadtmuseum-ins-alte-gericht-keine-umnutzung-fuer-hochwertiges-wohnen"
"146","Erhalt des Notarztstandort Blankenrath","https://www.openpetition.de/petition/online/erhalt-des-notarztstandort-blankenrath"
"147","U-Bahn nach Freiham!","https://www.openpetition.de/petition/online/u-bahn-nach-freiham"
"148","Kein Mäusegift in der Landwirtschaft","https://www.openpetition.de/petition/online/kein-maeusegift-in-der-landwirtschaft"
"149","Abschaffung der Hunde-Rasseliste in Nordrhein-Westfalen","https://www.openpetition.de/petition/online/abschaffung-der-hunde-rasseliste-in-nordrhein-westfalen"
"150","Bürgerinitiative „Keine Mülldeponie im Steinbruch“ Mainz","https://www.openpetition.de/petition/online/buergerinitiative-keine-muelldeponie-im-steinbruch-mainz"
"151","Abzug aller US- und UK-Truppen sowie US-Befehlsstellen aus Deutschland!","https://www.openpetition.de/petition/online/abzug-aller-us-und-uk-truppen-sowie-us-befehlsstellen-aus-deutschland"
"152","Dragonball Super auf Prosieben MAXX","https://www.openpetition.de/petition/online/dragonball-super-auf-prosieben-maxx"
"153","Kölner Fernbusbahnhof nicht an den Stadtrand legen - gegen Fernbusverbot in Köln !","https://www.openpetition.de/petition/online/koelner-fernbusbahnhof-nicht-an-den-stadtrand-legen-gegen-fernbusverbot-in-koeln"
"154","Für den Erhalt des privaten Sammelns // For preserving the right to privately collect","https://www.openpetition.de/petition/online/fuer-den-erhalt-des-privaten-sammelns"
"155","ARD, ZDF ... so GEZ nicht weiter! ZahlungsZWANG STOP! RundfunkREFORM JETZT! (Bayern)","https://www.openpetition.de/petition/online/ard-zdf-so-gez-nicht-weiter-bayern"
"156","Öffnet die Grenze - Kobanê muss leben!","https://www.openpetition.de/petition/online/oeffnet-die-grenze-kobane-muss-leben"
"157","Wiedereinführung der Grenzkontrollen an den EU-Binnengrenzen","https://www.openpetition.de/petition/online/wiedereinfuehrung-der-grenzkontrollen-an-den-deutschen-landesgrenzen"
"158","Ennertaufstieg: Nein!","https://www.openpetition.de/petition/online/ennertaufstieg-nein"
"159","Petition: Linie 9 muss bleiben! Statt stilllegen mit der Straßenbahn zum Cospudener See","https://www.openpetition.de/petition/online/mit-der-linie-9-zum-cospudener-see-connewitz-markkleeberg-nicht-vom-strassenbahnnetz-abklemmen"
"160","München Viehhof, Erhalt und Koexistenz: Gewerbe und Kino-Open-Air-Kultur-Festival müssen bleiben!","https://www.openpetition.de/petition/online/muenchen-viehhof-erhalt-und-koexistenz-gewerbe-und-kino-open-air-kultur-festival-muessen-bleiben"
"161","Pro Konstanzer Flugplatz","https://www.openpetition.de/petition/online/pro-konstanzer-flugplatz"
"162","Keine Zwangsexmatrikulationen – für ein kritisches und angeregtes Studium!","https://www.openpetition.de/petition/online/keine-zwangsexmatrikulationen-fur-ein-kritisches-und-angeregtes-studium"
"163","ARD, ZDF ... so GEZ nicht weiter! ZahlungsZWANG STOP! RundfunkREFORM JETZT! (Niedersachsen)","https://www.openpetition.de/petition/online/ard-zdf-so-gez-nicht-weiter-niedersachsen"
"164","Das Verbot Von Tieren Im Zirkus Ist Lange Überfällig ! Handeln Sie Jetzt !","https://www.openpetition.de/petition/online/das-verbot-von-tieren-im-zirkus-ist-lange-ueberfaellig-handeln-sie-jetzt"
"165","Rostock: Die Schleuse am Mühlendamm darf nicht zugeschüttet werden!","https://www.openpetition.de/petition/online/rostock-die-schleuse-am-muehlendamm-darf-nicht-zugeschuettet-werden"
"166","Arbeitsgenehmigung für Oumar Ba und Modou Cisse aus Diedorf","https://www.openpetition.de/petition/online/arbeitsgenehmigung-fuer-oumar-ba-und-modou-cisse-aus-diedorf"
"167","Gegen das Einschläfern von Rottweiler Pascha aus Duisburg: ""Bitte lasst mich nicht sterben!""","https://www.openpetition.de/petition/online/gegen-das-einschlaefern-von-rottweiler-pascha-aus-duisburg"
"168","Spesensätze für das Fahrpersonal erhöhen","https://www.openpetition.de/petition/online/spesensaetze-fuer-das-fahrpersonal-erhoehen"
"169","NABK CELLE - Nein zur Schließung","https://www.openpetition.de/petition/online/nabk-celle-nein-zur-schliessung"
"170","HAUS DER STADTKULTUR: Stadtmuseum ins Alte Gericht! Keine Umnutzung für „hochwertiges Wohnen“","https://www.openpetition.de/petition/online/haus-der-stadtkultur-stadtmuseum-ins-alte-gericht-keine-umnutzung-fuer-hochwertiges-wohnen"
"171","Erhalt des Notarztstandort Blankenrath","https://www.openpetition.de/petition/online/erhalt-des-notarztstandort-blankenrath"
"172","U-Bahn nach Freiham!","https://www.openpetition.de/petition/online/u-bahn-nach-freiham"
"173","Kein Mäusegift in der Landwirtschaft","https://www.openpetition.de/petition/online/kein-maeusegift-in-der-landwirtschaft"
"174","Abschaffung der Hunde-Rasseliste in Nordrhein-Westfalen","https://www.openpetition.de/petition/online/abschaffung-der-hunde-rasseliste-in-nordrhein-westfalen"
"175","Bürgerinitiative „Keine Mülldeponie im Steinbruch“ Mainz","https://www.openpetition.de/petition/online/buergerinitiative-keine-muelldeponie-im-steinbruch-mainz"
"176","Abzug aller US- und UK-Truppen sowie US-Befehlsstellen aus Deutschland!","https://www.openpetition.de/petition/online/abzug-aller-us-und-uk-truppen-sowie-us-befehlsstellen-aus-deutschland"
"177","Dragonball Super auf Prosieben MAXX","https://www.openpetition.de/petition/online/dragonball-super-auf-prosieben-maxx"
"178","Kölner Fernbusbahnhof nicht an den Stadtrand legen - gegen Fernbusverbot in Köln !","https://www.openpetition.de/petition/online/koelner-fernbusbahnhof-nicht-an-den-stadtrand-legen-gegen-fernbusverbot-in-koeln"
"179","Für den Erhalt des privaten Sammelns // For preserving the right to privately collect","https://www.openpetition.de/petition/online/fuer-den-erhalt-des-privaten-sammelns"
"180","ARD, ZDF ... so GEZ nicht weiter! ZahlungsZWANG STOP! RundfunkREFORM JETZT! (Bayern)","https://www.openpetition.de/petition/online/ard-zdf-so-gez-nicht-weiter-bayern"
"181","Öffnet die Grenze - Kobanê muss leben!","https://www.openpetition.de/petition/online/oeffnet-die-grenze-kobane-muss-leben"
"182","Wiedereinführung der Grenzkontrollen an den EU-Binnengrenzen","https://www.openpetition.de/petition/online/wiedereinfuehrung-der-grenzkontrollen-an-den-deutschen-landesgrenzen"
"183","Ennertaufstieg: Nein!","https://www.openpetition.de/petition/online/ennertaufstieg-nein"
"184","Petition: Linie 9 muss bleiben! Statt stilllegen mit der Straßenbahn zum Cospudener See","https://www.openpetition.de/petition/online/mit-der-linie-9-zum-cospudener-see-connewitz-markkleeberg-nicht-vom-strassenbahnnetz-abklemmen"
"185","München Viehhof, Erhalt und Koexistenz: Gewerbe und Kino-Open-Air-Kultur-Festival müssen bleiben!","https://www.openpetition.de/petition/online/muenchen-viehhof-erhalt-und-koexistenz-gewerbe-und-kino-open-air-kultur-festival-muessen-bleiben"
"186","Pro Konstanzer Flugplatz","https://www.openpetition.de/petition/online/pro-konstanzer-flugplatz"
"187","Keine Zwangsexmatrikulationen – für ein kritisches und angeregtes Studium!","https://www.openpetition.de/petition/online/keine-zwangsexmatrikulationen-fur-ein-kritisches-und-angeregtes-studium"
"188","ARD, ZDF ... so GEZ nicht weiter! ZahlungsZWANG STOP! RundfunkREFORM JETZT! (Niedersachsen)","https://www.openpetition.de/petition/online/ard-zdf-so-gez-nicht-weiter-niedersachsen"
"189","Das Verbot Von Tieren Im Zirkus Ist Lange Überfällig ! Handeln Sie Jetzt !","https://www.openpetition.de/petition/online/das-verbot-von-tieren-im-zirkus-ist-lange-ueberfaellig-handeln-sie-jetzt"
"190","Rostock: Die Schleuse am Mühlendamm darf nicht zugeschüttet werden!","https://www.openpetition.de/petition/online/rostock-die-schleuse-am-muehlendamm-darf-nicht-zugeschuettet-werden"
"191","Arbeitsgenehmigung für Oumar Ba und Modou Cisse aus Diedorf","https://www.openpetition.de/petition/online/arbeitsgenehmigung-fuer-oumar-ba-und-modou-cisse-aus-diedorf"
"192","Gegen das Einschläfern von Rottweiler Pascha aus Duisburg: ""Bitte lasst mich nicht sterben!""","https://www.openpetition.de/petition/online/gegen-das-einschlaefern-von-rottweiler-pascha-aus-duisburg"
"193","Spesensätze für das Fahrpersonal erhöhen","https://www.openpetition.de/petition/online/spesensaetze-fuer-das-fahrpersonal-erhoehen"
"194","NABK CELLE - Nein zur Schließung","https://www.openpetition.de/petition/online/nabk-celle-nein-zur-schliessung"
"195","HAUS DER STADTKULTUR: Stadtmuseum ins Alte Gericht! Keine Umnutzung für „hochwertiges Wohnen“","https://www.openpetition.de/petition/online/haus-der-stadtkultur-stadtmuseum-ins-alte-gericht-keine-umnutzung-fuer-hochwertiges-wohnen"
"196","Erhalt des Notarztstandort Blankenrath","https://www.openpetition.de/petition/online/erhalt-des-notarztstandort-blankenrath"
"197","U-Bahn nach Freiham!","https://www.openpetition.de/petition/online/u-bahn-nach-freiham"
"198","Kein Mäusegift in der Landwirtschaft","https://www.openpetition.de/petition/online/kein-maeusegift-in-der-landwirtschaft"
"199","Abschaffung der Hunde-Rasseliste in Nordrhein-Westfalen","https://www.openpetition.de/petition/online/abschaffung-der-hunde-rasseliste-in-nordrhein-westfalen"
"200","Bürgerinitiative „Keine Mülldeponie im Steinbruch“ Mainz","https://www.openpetition.de/petition/online/buergerinitiative-keine-muelldeponie-im-steinbruch-mainz"
"201","Abzug aller US- und UK-Truppen sowie US-Befehlsstellen aus Deutschland!","https://www.openpetition.de/petition/online/abzug-aller-us-und-uk-truppen-sowie-us-befehlsstellen-aus-deutschland"
"202","Dragonball Super auf Prosieben MAXX","https://www.openpetition.de/petition/online/dragonball-super-auf-prosieben-maxx"
"203","Kölner Fernbusbahnhof nicht an den Stadtrand legen - gegen Fernbusverbot in Köln !","https://www.openpetition.de/petition/online/koelner-fernbusbahnhof-nicht-an-den-stadtrand-legen-gegen-fernbusverbot-in-koeln"
"204","Für den Erhalt des privaten Sammelns // For preserving the right to privately collect","https://www.openpetition.de/petition/online/fuer-den-erhalt-des-privaten-sammelns"
"205","ARD, ZDF ... so GEZ nicht weiter! ZahlungsZWANG STOP! RundfunkREFORM JETZT! (Bayern)","https://www.openpetition.de/petition/online/ard-zdf-so-gez-nicht-weiter-bayern"
"206","Öffnet die Grenze - Kobanê muss leben!","https://www.openpetition.de/petition/online/oeffnet-die-grenze-kobane-muss-leben"
"207","Wiedereinführung der Grenzkontrollen an den EU-Binnengrenzen","https://www.openpetition.de/petition/online/wiedereinfuehrung-der-grenzkontrollen-an-den-deutschen-landesgrenzen"
"208","Ennertaufstieg: Nein!","https://www.openpetition.de/petition/online/ennertaufstieg-nein"
"209","Petition: Linie 9 muss bleiben! Statt stilllegen mit der Straßenbahn zum Cospudener See","https://www.openpetition.de/petition/online/mit-der-linie-9-zum-cospudener-see-connewitz-markkleeberg-nicht-vom-strassenbahnnetz-abklemmen"
"210","München Viehhof, Erhalt und Koexistenz: Gewerbe und Kino-Open-Air-Kultur-Festival müssen bleiben!","https://www.openpetition.de/petition/online/muenchen-viehhof-erhalt-und-koexistenz-gewerbe-und-kino-open-air-kultur-festival-muessen-bleiben"
"211","Pro Konstanzer Flugplatz","https://www.openpetition.de/petition/online/pro-konstanzer-flugplatz"
"212","Keine Zwangsexmatrikulationen – für ein kritisches und angeregtes Studium!","https://www.openpetition.de/petition/online/keine-zwangsexmatrikulationen-fur-ein-kritisches-und-angeregtes-studium"
"213","ARD, ZDF ... so GEZ nicht weiter! ZahlungsZWANG STOP! RundfunkREFORM JETZT! (Niedersachsen)","https://www.openpetition.de/petition/online/ard-zdf-so-gez-nicht-weiter-niedersachsen"
"214","Das Verbot Von Tieren Im Zirkus Ist Lange Überfällig ! Handeln Sie Jetzt !","https://www.openpetition.de/petition/online/das-verbot-von-tieren-im-zirkus-ist-lange-ueberfaellig-handeln-sie-jetzt"
"215","Rostock: Die Schleuse am Mühlendamm darf nicht zugeschüttet werden!","https://www.openpetition.de/petition/online/rostock-die-schleuse-am-muehlendamm-darf-nicht-zugeschuettet-werden"
"216","Arbeitsgenehmigung für Oumar Ba und Modou Cisse aus Diedorf","https://www.openpetition.de/petition/online/arbeitsgenehmigung-fuer-oumar-ba-und-modou-cisse-aus-diedorf"
"217","Gegen das Einschläfern von Rottweiler Pascha aus Duisburg: ""Bitte lasst mich nicht sterben!""","https://www.openpetition.de/petition/online/gegen-das-einschlaefern-von-rottweiler-pascha-aus-duisburg"
"218","Spesensätze für das Fahrpersonal erhöhen","https://www.openpetition.de/petition/online/spesensaetze-fuer-das-fahrpersonal-erhoehen"
"219","NABK CELLE - Nein zur Schließung","https://www.openpetition.de/petition/online/nabk-celle-nein-zur-schliessung"
"220","HAUS DER STADTKULTUR: Stadtmuseum ins Alte Gericht! Keine Umnutzung für „hochwertiges Wohnen“","https://www.openpetition.de/petition/online/haus-der-stadtkultur-stadtmuseum-ins-alte-gericht-keine-umnutzung-fuer-hochwertiges-wohnen"
"221","Erhalt des Notarztstandort Blankenrath","https://www.openpetition.de/petition/online/erhalt-des-notarztstandort-blankenrath"
"222","U-Bahn nach Freiham!","https://www.openpetition.de/petition/online/u-bahn-nach-freiham"
"223","Kein Mäusegift in der Landwirtschaft","https://www.openpetition.de/petition/online/kein-maeusegift-in-der-landwirtschaft"
"224","Abschaffung der Hunde-Rasseliste in Nordrhein-Westfalen","https://www.openpetition.de/petition/online/abschaffung-der-hunde-rasseliste-in-nordrhein-westfalen"
"225","Bürgerinitiative „Keine Mülldeponie im Steinbruch“ Mainz","https://www.openpetition.de/petition/online/buergerinitiative-keine-muelldeponie-im-steinbruch-mainz"
"226","Abzug aller US- und UK-Truppen sowie US-Befehlsstellen aus Deutschland!","https://www.openpetition.de/petition/online/abzug-aller-us-und-uk-truppen-sowie-us-befehlsstellen-aus-deutschland"
"227","Dragonball Super auf Prosieben MAXX","https://www.openpetition.de/petition/online/dragonball-super-auf-prosieben-maxx"
"228","Kölner Fernbusbahnhof nicht an den Stadtrand legen - gegen Fernbusverbot in Köln !","https://www.openpetition.de/petition/online/koelner-fernbusbahnhof-nicht-an-den-stadtrand-legen-gegen-fernbusverbot-in-koeln"
"229","Für den Erhalt des privaten Sammelns // For preserving the right to privately collect","https://www.openpetition.de/petition/online/fuer-den-erhalt-des-privaten-sammelns"
"230","ARD, ZDF ... so GEZ nicht weiter! ZahlungsZWANG STOP! RundfunkREFORM JETZT! (Bayern)","https://www.openpetition.de/petition/online/ard-zdf-so-gez-nicht-weiter-bayern"
"231","Öffnet die Grenze - Kobanê muss leben!","https://www.openpetition.de/petition/online/oeffnet-die-grenze-kobane-muss-leben"
"232","Wiedereinführung der Grenzkontrollen an den EU-Binnengrenzen","https://www.openpetition.de/petition/online/wiedereinfuehrung-der-grenzkontrollen-an-den-deutschen-landesgrenzen"
"233","Ennertaufstieg: Nein!","https://www.openpetition.de/petition/online/ennertaufstieg-nein"
"234","Petition: Linie 9 muss bleiben! Statt stilllegen mit der Straßenbahn zum Cospudener See","https://www.openpetition.de/petition/online/mit-der-linie-9-zum-cospudener-see-connewitz-markkleeberg-nicht-vom-strassenbahnnetz-abklemmen"
"235","München Viehhof, Erhalt und Koexistenz: Gewerbe und Kino-Open-Air-Kultur-Festival müssen bleiben!","https://www.openpetition.de/petition/online/muenchen-viehhof-erhalt-und-koexistenz-gewerbe-und-kino-open-air-kultur-festival-muessen-bleiben"
"236","Pro Konstanzer Flugplatz","https://www.openpetition.de/petition/online/pro-konstanzer-flugplatz"
"237","Keine Zwangsexmatrikulationen – für ein kritisches und angeregtes Studium!","https://www.openpetition.de/petition/online/keine-zwangsexmatrikulationen-fur-ein-kritisches-und-angeregtes-studium"
"238","ARD, ZDF ... so GEZ nicht weiter! ZahlungsZWANG STOP! RundfunkREFORM JETZT! (Niedersachsen)","https://www.openpetition.de/petition/online/ard-zdf-so-gez-nicht-weiter-niedersachsen"
"239","Das Verbot Von Tieren Im Zirkus Ist Lange Überfällig ! Handeln Sie Jetzt !","https://www.openpetition.de/petition/online/das-verbot-von-tieren-im-zirkus-ist-lange-ueberfaellig-handeln-sie-jetzt"
"240","Rostock: Die Schleuse am Mühlendamm darf nicht zugeschüttet werden!","https://www.openpetition.de/petition/online/rostock-die-schleuse-am-muehlendamm-darf-nicht-zugeschuettet-werden"
"241","Arbeitsgenehmigung für Oumar Ba und Modou Cisse aus Diedorf","https://www.openpetition.de/petition/online/arbeitsgenehmigung-fuer-oumar-ba-und-modou-cisse-aus-diedorf"
"242","Gegen das Einschläfern von Rottweiler Pascha aus Duisburg: ""Bitte lasst mich nicht sterben!""","https://www.openpetition.de/petition/online/gegen-das-einschlaefern-von-rottweiler-pascha-aus-duisburg"
"243","Spesensätze für das Fahrpersonal erhöhen","https://www.openpetition.de/petition/online/spesensaetze-fuer-das-fahrpersonal-erhoehen"
"244","NABK CELLE - Nein zur Schließung","https://www.openpetition.de/petition/online/nabk-celle-nein-zur-schliessung"
"245","HAUS DER STADTKULTUR: Stadtmuseum ins Alte Gericht! Keine Umnutzung für „hochwertiges Wohnen“","https://www.openpetition.de/petition/online/haus-der-stadtkultur-stadtmuseum-ins-alte-gericht-keine-umnutzung-fuer-hochwertiges-wohnen"
"246","Erhalt des Notarztstandort Blankenrath","https://www.openpetition.de/petition/online/erhalt-des-notarztstandort-blankenrath"
"247","U-Bahn nach Freiham!","https://www.openpetition.de/petition/online/u-bahn-nach-freiham"
"248","Kein Mäusegift in der Landwirtschaft","https://www.openpetition.de/petition/online/kein-maeusegift-in-der-landwirtschaft"
"249","Abschaffung der Hunde-Rasseliste in Nordrhein-Westfalen","https://www.openpetition.de/petition/online/abschaffung-der-hunde-rasseliste-in-nordrhein-westfalen"
"250","Bürgerinitiative „Keine Mülldeponie im Steinbruch“ Mainz","https://www.openpetition.de/petition/online/buergerinitiative-keine-muelldeponie-im-steinbruch-mainz"
"251","Abzug aller US- und UK-Truppen sowie US-Befehlsstellen aus Deutschland!","https://www.openpetition.de/petition/online/abzug-aller-us-und-uk-truppen-sowie-us-befehlsstellen-aus-deutschland"
"252","Dragonball Super auf Prosieben MAXX","https://www.openpetition.de/petition/online/dragonball-super-auf-prosieben-maxx"
"253","Kölner Fernbusbahnhof nicht an den Stadtrand legen - gegen Fernbusverbot in Köln !","https://www.openpetition.de/petition/online/koelner-fernbusbahnhof-nicht-an-den-stadtrand-legen-gegen-fernbusverbot-in-koeln"
"254","Für den Erhalt des privaten Sammelns // For preserving the right to privately collect","https://www.openpetition.de/petition/online/fuer-den-erhalt-des-privaten-sammelns"
"255","ARD, ZDF ... so GEZ nicht weiter! ZahlungsZWANG STOP! RundfunkREFORM JETZT! (Bayern)","https://www.openpetition.de/petition/online/ard-zdf-so-gez-nicht-weiter-bayern"
"256","Öffnet die Grenze - Kobanê muss leben!","https://www.openpetition.de/petition/online/oeffnet-die-grenze-kobane-muss-leben"
"257","Wiedereinführung der Grenzkontrollen an den EU-Binnengrenzen","https://www.openpetition.de/petition/online/wiedereinfuehrung-der-grenzkontrollen-an-den-deutschen-landesgrenzen"
"258","Ennertaufstieg: Nein!","https://www.openpetition.de/petition/online/ennertaufstieg-nein"
"259","Petition: Linie 9 muss bleiben! Statt stilllegen mit der Straßenbahn zum Cospudener See","https://www.openpetition.de/petition/online/mit-der-linie-9-zum-cospudener-see-connewitz-markkleeberg-nicht-vom-strassenbahnnetz-abklemmen"
"260","München Viehhof, Erhalt und Koexistenz: Gewerbe und Kino-Open-Air-Kultur-Festival müssen bleiben!","https://www.openpetition.de/petition/online/muenchen-viehhof-erhalt-und-koexistenz-gewerbe-und-kino-open-air-kultur-festival-muessen-bleiben"
"261","Pro Konstanzer Flugplatz","https://www.openpetition.de/petition/online/pro-konstanzer-flugplatz"
"262","Keine Zwangsexmatrikulationen – für ein kritisches und angeregtes Studium!","https://www.openpetition.de/petition/online/keine-zwangsexmatrikulationen-fur-ein-kritisches-und-angeregtes-studium"
"263","ARD, ZDF ... so GEZ nicht weiter! ZahlungsZWANG STOP! RundfunkREFORM JETZT! (Niedersachsen)","https://www.openpetition.de/petition/online/ard-zdf-so-gez-nicht-weiter-niedersachsen"
"264","Das Verbot Von Tieren Im Zirkus Ist Lange Überfällig ! Handeln Sie Jetzt !","https://www.openpetition.de/petition/online/das-verbot-von-tieren-im-zirkus-ist-lange-ueberfaellig-handeln-sie-jetzt"
"265","Rostock: Die Schleuse am Mühlendamm darf nicht zugeschüttet werden!","https://www.openpetition.de/petition/online/rostock-die-schleuse-am-muehlendamm-darf-nicht-zugeschuettet-werden"
"266","Arbeitsgenehmigung für Oumar Ba und Modou Cisse aus Diedorf","https://www.openpetition.de/petition/online/arbeitsgenehmigung-fuer-oumar-ba-und-modou-cisse-aus-diedorf"
"267","Gegen das Einschläfern von Rottweiler Pascha aus Duisburg: ""Bitte lasst mich nicht sterben!""","https://www.openpetition.de/petition/online/gegen-das-einschlaefern-von-rottweiler-pascha-aus-duisburg"
"268","Spesensätze für das Fahrpersonal erhöhen","https://www.openpetition.de/petition/online/spesensaetze-fuer-das-fahrpersonal-erhoehen"
"269","NABK CELLE - Nein zur Schließung","https://www.openpetition.de/petition/online/nabk-celle-nein-zur-schliessung"
"270","HAUS DER STADTKULTUR: Stadtmuseum ins Alte Gericht! Keine Umnutzung für „hochwertiges Wohnen“","https://www.openpetition.de/petition/online/haus-der-stadtkultur-stadtmuseum-ins-alte-gericht-keine-umnutzung-fuer-hochwertiges-wohnen"
"271","Erhalt des Notarztstandort Blankenrath","https://www.openpetition.de/petition/online/erhalt-des-notarztstandort-blankenrath"
"272","U-Bahn nach Freiham!","https://www.openpetition.de/petition/online/u-bahn-nach-freiham"
"273","Kein Mäusegift in der Landwirtschaft","https://www.openpetition.de/petition/online/kein-maeusegift-in-der-landwirtschaft"
"274","Abschaffung der Hunde-Rasseliste in Nordrhein-Westfalen","https://www.openpetition.de/petition/online/abschaffung-der-hunde-rasseliste-in-nordrhein-westfalen"
"275","Bürgerinitiative „Keine Mülldeponie im Steinbruch“ Mainz","https://www.openpetition.de/petition/online/buergerinitiative-keine-muelldeponie-im-steinbruch-mainz"
"276","Abzug aller US- und UK-Truppen sowie US-Befehlsstellen aus Deutschland!","https://www.openpetition.de/petition/online/abzug-aller-us-und-uk-truppen-sowie-us-befehlsstellen-aus-deutschland"
"277","Dragonball Super auf Prosieben MAXX","https://www.openpetition.de/petition/online/dragonball-super-auf-prosieben-maxx"
"278","Kölner Fernbusbahnhof nicht an den Stadtrand legen - gegen Fernbusverbot in Köln !","https://www.openpetition.de/petition/online/koelner-fernbusbahnhof-nicht-an-den-stadtrand-legen-gegen-fernbusverbot-in-koeln"
"279","Für den Erhalt des privaten Sammelns // For preserving the right to privately collect","https://www.openpetition.de/petition/online/fuer-den-erhalt-des-privaten-sammelns"
"280","ARD, ZDF ... so GEZ nicht weiter! ZahlungsZWANG STOP! RundfunkREFORM JETZT! (Bayern)","https://www.openpetition.de/petition/online/ard-zdf-so-gez-nicht-weiter-bayern"
"281","Öffnet die Grenze - Kobanê muss leben!","https://www.openpetition.de/petition/online/oeffnet-die-grenze-kobane-muss-leben"
"282","Wiedereinführung der Grenzkontrollen an den EU-Binnengrenzen","https://www.openpetition.de/petition/online/wiedereinfuehrung-der-grenzkontrollen-an-den-deutschen-landesgrenzen"
"283","Ennertaufstieg: Nein!","https://www.openpetition.de/petition/online/ennertaufstieg-nein"
"284","Petition: Linie 9 muss bleiben! Statt stilllegen mit der Straßenbahn zum Cospudener See","https://www.openpetition.de/petition/online/mit-der-linie-9-zum-cospudener-see-connewitz-markkleeberg-nicht-vom-strassenbahnnetz-abklemmen"
"285","München Viehhof, Erhalt und Koexistenz: Gewerbe und Kino-Open-Air-Kultur-Festival müssen bleiben!","https://www.openpetition.de/petition/online/muenchen-viehhof-erhalt-und-koexistenz-gewerbe-und-kino-open-air-kultur-festival-muessen-bleiben"
"286","Pro Konstanzer Flugplatz","https://www.openpetition.de/petition/online/pro-konstanzer-flugplatz"
"287","Keine Zwangsexmatrikulationen – für ein kritisches und angeregtes Studium!","https://www.openpetition.de/petition/online/keine-zwangsexmatrikulationen-fur-ein-kritisches-und-angeregtes-studium"
"288","ARD, ZDF ... so GEZ nicht weiter! ZahlungsZWANG STOP! RundfunkREFORM JETZT! (Niedersachsen)","https://www.openpetition.de/petition/online/ard-zdf-so-gez-nicht-weiter-niedersachsen"
"289","Das Verbot Von Tieren Im Zirkus Ist Lange Überfällig ! Handeln Sie Jetzt !","https://www.openpetition.de/petition/online/das-verbot-von-tieren-im-zirkus-ist-lange-ueberfaellig-handeln-sie-jetzt"
"290","Rostock: Die Schleuse am Mühlendamm darf nicht zugeschüttet werden!","https://www.openpetition.de/petition/online/rostock-die-schleuse-am-muehlendamm-darf-nicht-zugeschuettet-werden"
"291","Arbeitsgenehmigung für Oumar Ba und Modou Cisse aus Diedorf","https://www.openpetition.de/petition/online/arbeitsgenehmigung-fuer-oumar-ba-und-modou-cisse-aus-diedorf"
"292","Gegen das Einschläfern von Rottweiler Pascha aus Duisburg: ""Bitte lasst mich nicht sterben!""","https://www.openpetition.de/petition/online/gegen-das-einschlaefern-von-rottweiler-pascha-aus-duisburg"
"293","Spesensätze für das Fahrpersonal erhöhen","https://www.openpetition.de/petition/online/spesensaetze-fuer-das-fahrpersonal-erhoehen"
"294","NABK CELLE - Nein zur Schließung","https://www.openpetition.de/petition/online/nabk-celle-nein-zur-schliessung"
"295","HAUS DER STADTKULTUR: Stadtmuseum ins Alte Gericht! Keine Umnutzung für „hochwertiges Wohnen“","https://www.openpetition.de/petition/online/haus-der-stadtkultur-stadtmuseum-ins-alte-gericht-keine-umnutzung-fuer-hochwertiges-wohnen"
"296","Erhalt des Notarztstandort Blankenrath","https://www.openpetition.de/petition/online/erhalt-des-notarztstandort-blankenrath"
"297","U-Bahn nach Freiham!","https://www.openpetition.de/petition/online/u-bahn-nach-freiham"
"298","Kein Mäusegift in der Landwirtschaft","https://www.openpetition.de/petition/online/kein-maeusegift-in-der-landwirtschaft"
"299","Abschaffung der Hunde-Rasseliste in Nordrhein-Westfalen","https://www.openpetition.de/petition/online/abschaffung-der-hunde-rasseliste-in-nordrhein-westfalen"
"300","Bürgerinitiative „Keine Mülldeponie im Steinbruch“ Mainz","https://www.openpetition.de/petition/online/buergerinitiative-keine-muelldeponie-im-steinbruch-mainz"
"301","Abzug aller US- und UK-Truppen sowie US-Befehlsstellen aus Deutschland!","https://www.openpetition.de/petition/online/abzug-aller-us-und-uk-truppen-sowie-us-befehlsstellen-aus-deutschland"
"302","Dragonball Super auf Prosieben MAXX","https://www.openpetition.de/petition/online/dragonball-super-auf-prosieben-maxx"
"303","Kölner Fernbusbahnhof nicht an den Stadtrand legen - gegen Fernbusverbot in Köln !","https://www.openpetition.de/petition/online/koelner-fernbusbahnhof-nicht-an-den-stadtrand-legen-gegen-fernbusverbot-in-koeln"
"304","Für den Erhalt des privaten Sammelns // For preserving the right to privately collect","https://www.openpetition.de/petition/online/fuer-den-erhalt-des-privaten-sammelns"
"305","ARD, ZDF ... so GEZ nicht weiter! ZahlungsZWANG STOP! RundfunkREFORM JETZT! (Bayern)","https://www.openpetition.de/petition/online/ard-zdf-so-gez-nicht-weiter-bayern"
"306","Öffnet die Grenze - Kobanê muss leben!","https://www.openpetition.de/petition/online/oeffnet-die-grenze-kobane-muss-leben"
"307","Wiedereinführung der Grenzkontrollen an den EU-Binnengrenzen","https://www.openpetition.de/petition/online/wiedereinfuehrung-der-grenzkontrollen-an-den-deutschen-landesgrenzen"
"308","Ennertaufstieg: Nein!","https://www.openpetition.de/petition/online/ennertaufstieg-nein"
"309","Petition: Linie 9 muss bleiben! Statt stilllegen mit der Straßenbahn zum Cospudener See","https://www.openpetition.de/petition/online/mit-der-linie-9-zum-cospudener-see-connewitz-markkleeberg-nicht-vom-strassenbahnnetz-abklemmen"
"310","München Viehhof, Erhalt und Koexistenz: Gewerbe und Kino-Open-Air-Kultur-Festival müssen bleiben!","https://www.openpetition.de/petition/online/muenchen-viehhof-erhalt-und-koexistenz-gewerbe-und-kino-open-air-kultur-festival-muessen-bleiben"
"311","Pro Konstanzer Flugplatz","https://www.openpetition.de/petition/online/pro-konstanzer-flugplatz"
"312","Keine Zwangsexmatrikulationen – für ein kritisches und angeregtes Studium!","https://www.openpetition.de/petition/online/keine-zwangsexmatrikulationen-fur-ein-kritisches-und-angeregtes-studium"
"313","ARD, ZDF ... so GEZ nicht weiter! ZahlungsZWANG STOP! RundfunkREFORM JETZT! (Niedersachsen)","https://www.openpetition.de/petition/online/ard-zdf-so-gez-nicht-weiter-niedersachsen"
"314","Das Verbot Von Tieren Im Zirkus Ist Lange Überfällig ! Handeln Sie Jetzt !","https://www.openpetition.de/petition/online/das-verbot-von-tieren-im-zirkus-ist-lange-ueberfaellig-handeln-sie-jetzt"
"315","Rostock: Die Schleuse am Mühlendamm darf nicht zugeschüttet werden!","https://www.openpetition.de/petition/online/rostock-die-schleuse-am-muehlendamm-darf-nicht-zugeschuettet-werden"
"316","Arbeitsgenehmigung für Oumar Ba und Modou Cisse aus Diedorf","https://www.openpetition.de/petition/online/arbeitsgenehmigung-fuer-oumar-ba-und-modou-cisse-aus-diedorf"
"317","Gegen das Einschläfern von Rottweiler Pascha aus Duisburg: ""Bitte lasst mich nicht sterben!""","https://www.openpetition.de/petition/online/gegen-das-einschlaefern-von-rottweiler-pascha-aus-duisburg"
"318","Spesensätze für das Fahrpersonal erhöhen","https://www.openpetition.de/petition/online/spesensaetze-fuer-das-fahrpersonal-erhoehen"
"319","NABK CELLE - Nein zur Schließung","https://www.openpetition.de/petition/online/nabk-celle-nein-zur-schliessung"
"320","HAUS DER STADTKULTUR: Stadtmuseum ins Alte Gericht! Keine Umnutzung für „hochwertiges Wohnen“","https://www.openpetition.de/petition/online/haus-der-stadtkultur-stadtmuseum-ins-alte-gericht-keine-umnutzung-fuer-hochwertiges-wohnen"
"321","Erhalt des Notarztstandort Blankenrath","https://www.openpetition.de/petition/online/erhalt-des-notarztstandort-blankenrath"
"322","U-Bahn nach Freiham!","https://www.openpetition.de/petition/online/u-bahn-nach-freiham"
"323","Kein Mäusegift in der Landwirtschaft","https://www.openpetition.de/petition/online/kein-maeusegift-in-der-landwirtschaft"
"324","Abschaffung der Hunde-Rasseliste in Nordrhein-Westfalen","https://www.openpetition.de/petition/online/abschaffung-der-hunde-rasseliste-in-nordrhein-westfalen"
"325","Bürgerinitiative „Keine Mülldeponie im Steinbruch“ Mainz","https://www.openpetition.de/petition/online/buergerinitiative-keine-muelldeponie-im-steinbruch-mainz"
"326","Abzug aller US- und UK-Truppen sowie US-Befehlsstellen aus Deutschland!","https://www.openpetition.de/petition/online/abzug-aller-us-und-uk-truppen-sowie-us-befehlsstellen-aus-deutschland"
"327","Dragonball Super auf Prosieben MAXX","https://www.openpetition.de/petition/online/dragonball-super-auf-prosieben-maxx"
"328","Kölner Fernbusbahnhof nicht an den Stadtrand legen - gegen Fernbusverbot in Köln !","https://www.openpetition.de/petition/online/koelner-fernbusbahnhof-nicht-an-den-stadtrand-legen-gegen-fernbusverbot-in-koeln"
"329","Für den Erhalt des privaten Sammelns // For preserving the right to privately collect","https://www.openpetition.de/petition/online/fuer-den-erhalt-des-privaten-sammelns"
"330","ARD, ZDF ... so GEZ nicht weiter! ZahlungsZWANG STOP! RundfunkREFORM JETZT! (Bayern)","https://www.openpetition.de/petition/online/ard-zdf-so-gez-nicht-weiter-bayern"
"331","Öffnet die Grenze - Kobanê muss leben!","https://www.openpetition.de/petition/online/oeffnet-die-grenze-kobane-muss-leben"
"332","Wiedereinführung der Grenzkontrollen an den EU-Binnengrenzen","https://www.openpetition.de/petition/online/wiedereinfuehrung-der-grenzkontrollen-an-den-deutschen-landesgrenzen"
"333","Ennertaufstieg: Nein!","https://www.openpetition.de/petition/online/ennertaufstieg-nein"
"334","Petition: Linie 9 muss bleiben! Statt stilllegen mit der Straßenbahn zum Cospudener See","https://www.openpetition.de/petition/online/mit-der-linie-9-zum-cospudener-see-connewitz-markkleeberg-nicht-vom-strassenbahnnetz-abklemmen"
"335","München Viehhof, Erhalt und Koexistenz: Gewerbe und Kino-Open-Air-Kultur-Festival müssen bleiben!","https://www.openpetition.de/petition/online/muenchen-viehhof-erhalt-und-koexistenz-gewerbe-und-kino-open-air-kultur-festival-muessen-bleiben"
"336","Pro Konstanzer Flugplatz","https://www.openpetition.de/petition/online/pro-konstanzer-flugplatz"
"337","Keine Zwangsexmatrikulationen – für ein kritisches und angeregtes Studium!","https://www.openpetition.de/petition/online/keine-zwangsexmatrikulationen-fur-ein-kritisches-und-angeregtes-studium"
"338","ARD, ZDF ... so GEZ nicht weiter! ZahlungsZWANG STOP! RundfunkREFORM JETZT! (Niedersachsen)","https://www.openpetition.de/petition/online/ard-zdf-so-gez-nicht-weiter-niedersachsen"
"339","Das Verbot Von Tieren Im Zirkus Ist Lange Überfällig ! Handeln Sie Jetzt !","https://www.openpetition.de/petition/online/das-verbot-von-tieren-im-zirkus-ist-lange-ueberfaellig-handeln-sie-jetzt"
"340","Rostock: Die Schleuse am Mühlendamm darf nicht zugeschüttet werden!","https://www.openpetition.de/petition/online/rostock-die-schleuse-am-muehlendamm-darf-nicht-zugeschuettet-werden"
"341","Arbeitsgenehmigung für Oumar Ba und Modou Cisse aus Diedorf","https://www.openpetition.de/petition/online/arbeitsgenehmigung-fuer-oumar-ba-und-modou-cisse-aus-diedorf"
"342","Gegen das Einschläfern von Rottweiler Pascha aus Duisburg: ""Bitte lasst mich nicht sterben!""","https://www.openpetition.de/petition/online/gegen-das-einschlaefern-von-rottweiler-pascha-aus-duisburg"
"343","Spesensätze für das Fahrpersonal erhöhen","https://www.openpetition.de/petition/online/spesensaetze-fuer-das-fahrpersonal-erhoehen"
"344","NABK CELLE - Nein zur Schließung","https://www.openpetition.de/petition/online/nabk-celle-nein-zur-schliessung"
"345","HAUS DER STADTKULTUR: Stadtmuseum ins Alte Gericht! Keine Umnutzung für „hochwertiges Wohnen“","https://www.openpetition.de/petition/online/haus-der-stadtkultur-stadtmuseum-ins-alte-gericht-keine-umnutzung-fuer-hochwertiges-wohnen"
"346","Erhalt des Notarztstandort Blankenrath","https://www.openpetition.de/petition/online/erhalt-des-notarztstandort-blankenrath"
"347","U-Bahn nach Freiham!","https://www.openpetition.de/petition/online/u-bahn-nach-freiham"
"348","Kein Mäusegift in der Landwirtschaft","https://www.openpetition.de/petition/online/kein-maeusegift-in-der-landwirtschaft"
"349","Abschaffung der Hunde-Rasseliste in Nordrhein-Westfalen","https://www.openpetition.de/petition/online/abschaffung-der-hunde-rasseliste-in-nordrhein-westfalen"
"350","Bürgerinitiative „Keine Mülldeponie im Steinbruch“ Mainz","https://www.openpetition.de/petition/online/buergerinitiative-keine-muelldeponie-im-steinbruch-mainz"
"351","Abzug aller US- und UK-Truppen sowie US-Befehlsstellen aus Deutschland!","https://www.openpetition.de/petition/online/abzug-aller-us-und-uk-truppen-sowie-us-befehlsstellen-aus-deutschland"
"352","Dragonball Super auf Prosieben MAXX","https://www.openpetition.de/petition/online/dragonball-super-auf-prosieben-maxx"
"353","Kölner Fernbusbahnhof nicht an den Stadtrand legen - gegen Fernbusverbot in Köln !","https://www.openpetition.de/petition/online/koelner-fernbusbahnhof-nicht-an-den-stadtrand-legen-gegen-fernbusverbot-in-koeln"
"354","Für den Erhalt des privaten Sammelns // For preserving the right to privately collect","https://www.openpetition.de/petition/online/fuer-den-erhalt-des-privaten-sammelns"
"355","ARD, ZDF ... so GEZ nicht weiter! ZahlungsZWANG STOP! RundfunkREFORM JETZT! (Bayern)","https://www.openpetition.de/petition/online/ard-zdf-so-gez-nicht-weiter-bayern"
"356","Öffnet die Grenze - Kobanê muss leben!","https://www.openpetition.de/petition/online/oeffnet-die-grenze-kobane-muss-leben"
"357","Wiedereinführung der Grenzkontrollen an den EU-Binnengrenzen","https://www.openpetition.de/petition/online/wiedereinfuehrung-der-grenzkontrollen-an-den-deutschen-landesgrenzen"
"358","Ennertaufstieg: Nein!","https://www.openpetition.de/petition/online/ennertaufstieg-nein"
"359","Petition: Linie 9 muss bleiben! Statt stilllegen mit der Straßenbahn zum Cospudener See","https://www.openpetition.de/petition/online/mit-der-linie-9-zum-cospudener-see-connewitz-markkleeberg-nicht-vom-strassenbahnnetz-abklemmen"
"360","München Viehhof, Erhalt und Koexistenz: Gewerbe und Kino-Open-Air-Kultur-Festival müssen bleiben!","https://www.openpetition.de/petition/online/muenchen-viehhof-erhalt-und-koexistenz-gewerbe-und-kino-open-air-kultur-festival-muessen-bleiben"
"361","Pro Konstanzer Flugplatz","https://www.openpetition.de/petition/online/pro-konstanzer-flugplatz"
"362","Keine Zwangsexmatrikulationen – für ein kritisches und angeregtes Studium!","https://www.openpetition.de/petition/online/keine-zwangsexmatrikulationen-fur-ein-kritisches-und-angeregtes-studium"
"363","ARD, ZDF ... so GEZ nicht weiter! ZahlungsZWANG STOP! RundfunkREFORM JETZT! (Niedersachsen)","https://www.openpetition.de/petition/online/ard-zdf-so-gez-nicht-weiter-niedersachsen"
"364","Das Verbot Von Tieren Im Zirkus Ist Lange Überfällig ! Handeln Sie Jetzt !","https://www.openpetition.de/petition/online/das-verbot-von-tieren-im-zirkus-ist-lange-ueberfaellig-handeln-sie-jetzt"
"365","Rostock: Die Schleuse am Mühlendamm darf nicht zugeschüttet werden!","https://www.openpetition.de/petition/online/rostock-die-schleuse-am-muehlendamm-darf-nicht-zugeschuettet-werden"
"366","Arbeitsgenehmigung für Oumar Ba und Modou Cisse aus Diedorf","https://www.openpetition.de/petition/online/arbeitsgenehmigung-fuer-oumar-ba-und-modou-cisse-aus-diedorf"
"367","Gegen das Einschläfern von Rottweiler Pascha aus Duisburg: ""Bitte lasst mich nicht sterben!""","https://www.openpetition.de/petition/online/gegen-das-einschlaefern-von-rottweiler-pascha-aus-duisburg"
"368","Spesensätze für das Fahrpersonal erhöhen","https://www.openpetition.de/petition/online/spesensaetze-fuer-das-fahrpersonal-erhoehen"
"369","NABK CELLE - Nein zur Schließung","https://www.openpetition.de/petition/online/nabk-celle-nein-zur-schliessung"
"370","HAUS DER STADTKULTUR: Stadtmuseum ins Alte Gericht! Keine Umnutzung für „hochwertiges Wohnen“","https://www.openpetition.de/petition/online/haus-der-stadtkultur-stadtmuseum-ins-alte-gericht-keine-umnutzung-fuer-hochwertiges-wohnen"
"371","Erhalt des Notarztstandort Blankenrath","https://www.openpetition.de/petition/online/erhalt-des-notarztstandort-blankenrath"
"372","U-Bahn nach Freiham!","https://www.openpetition.de/petition/online/u-bahn-nach-freiham"
"373","Kein Mäusegift in der Landwirtschaft","https://www.openpetition.de/petition/online/kein-maeusegift-in-der-landwirtschaft"
"374","Abschaffung der Hunde-Rasseliste in Nordrhein-Westfalen","https://www.openpetition.de/petition/online/abschaffung-der-hunde-rasseliste-in-nordrhein-westfalen"
"375","Bürgerinitiative „Keine Mülldeponie im Steinbruch“ Mainz","https://www.openpetition.de/petition/online/buergerinitiative-keine-muelldeponie-im-steinbruch-mainz"
"376","Abzug aller US- und UK-Truppen sowie US-Befehlsstellen aus Deutschland!","https://www.openpetition.de/petition/online/abzug-aller-us-und-uk-truppen-sowie-us-befehlsstellen-aus-deutschland"
"377","Dragonball Super auf Prosieben MAXX","https://www.openpetition.de/petition/online/dragonball-super-auf-prosieben-maxx"
"378","Kölner Fernbusbahnhof nicht an den Stadtrand legen - gegen Fernbusverbot in Köln !","https://www.openpetition.de/petition/online/koelner-fernbusbahnhof-nicht-an-den-stadtrand-legen-gegen-fernbusverbot-in-koeln"
"379","Für den Erhalt des privaten Sammelns // For preserving the right to privately collect","https://www.openpetition.de/petition/online/fuer-den-erhalt-des-privaten-sammelns"
"380","ARD, ZDF ... so GEZ nicht weiter! ZahlungsZWANG STOP! RundfunkREFORM JETZT! (Bayern)","https://www.openpetition.de/petition/online/ard-zdf-so-gez-nicht-weiter-bayern"
"381","Öffnet die Grenze - Kobanê muss leben!","https://www.openpetition.de/petition/online/oeffnet-die-grenze-kobane-muss-leben"
"382","Wiedereinführung der Grenzkontrollen an den EU-Binnengrenzen","https://www.openpetition.de/petition/online/wiedereinfuehrung-der-grenzkontrollen-an-den-deutschen-landesgrenzen"
"383","Ennertaufstieg: Nein!","https://www.openpetition.de/petition/online/ennertaufstieg-nein"
"384","Petition: Linie 9 muss bleiben! Statt stilllegen mit der Straßenbahn zum Cospudener See","https://www.openpetition.de/petition/online/mit-der-linie-9-zum-cospudener-see-connewitz-markkleeberg-nicht-vom-strassenbahnnetz-abklemmen"
"385","München Viehhof, Erhalt und Koexistenz: Gewerbe und Kino-Open-Air-Kultur-Festival müssen bleiben!","https://www.openpetition.de/petition/online/muenchen-viehhof-erhalt-und-koexistenz-gewerbe-und-kino-open-air-kultur-festival-muessen-bleiben"
"386","Pro Konstanzer Flugplatz","https://www.openpetition.de/petition/online/pro-konstanzer-flugplatz"
"387","Keine Zwangsexmatrikulationen – für ein kritisches und angeregtes Studium!","https://www.openpetition.de/petition/online/keine-zwangsexmatrikulationen-fur-ein-kritisches-und-angeregtes-studium"
"388","ARD, ZDF ... so GEZ nicht weiter! ZahlungsZWANG STOP! RundfunkREFORM JETZT! (Niedersachsen)","https://www.openpetition.de/petition/online/ard-zdf-so-gez-nicht-weiter-niedersachsen"
"389","Das Verbot Von Tieren Im Zirkus Ist Lange Überfällig ! Handeln Sie Jetzt !","https://www.openpetition.de/petition/online/das-verbot-von-tieren-im-zirkus-ist-lange-ueberfaellig-handeln-sie-jetzt"
"390","Rostock: Die Schleuse am Mühlendamm darf nicht zugeschüttet werden!","https://www.openpetition.de/petition/online/rostock-die-schleuse-am-muehlendamm-darf-nicht-zugeschuettet-werden"
"391","Arbeitsgenehmigung für Oumar Ba und Modou Cisse aus Diedorf","https://www.openpetition.de/petition/online/arbeitsgenehmigung-fuer-oumar-ba-und-modou-cisse-aus-diedorf"
"392","Gegen das Einschläfern von Rottweiler Pascha aus Duisburg: ""Bitte lasst mich nicht sterben!""","https://www.openpetition.de/petition/online/gegen-das-einschlaefern-von-rottweiler-pascha-aus-duisburg"
"393","Spesensätze für das Fahrpersonal erhöhen","https://www.openpetition.de/petition/online/spesensaetze-fuer-das-fahrpersonal-erhoehen"
"394","NABK CELLE - Nein zur Schließung","https://www.openpetition.de/petition/online/nabk-celle-nein-zur-schliessung"
"395","HAUS DER STADTKULTUR: Stadtmuseum ins Alte Gericht! Keine Umnutzung für „hochwertiges Wohnen“","https://www.openpetition.de/petition/online/haus-der-stadtkultur-stadtmuseum-ins-alte-gericht-keine-umnutzung-fuer-hochwertiges-wohnen"
"396","Erhalt des Notarztstandort Blankenrath","https://www.openpetition.de/petition/online/erhalt-des-notarztstandort-blankenrath"
"397","U-Bahn nach Freiham!","https://www.openpetition.de/petition/online/u-bahn-nach-freiham"
"398","Kein Mäusegift in der Landwirtschaft","https://www.openpetition.de/petition/online/kein-maeusegift-in-der-landwirtschaft"
"399","Abschaffung der Hunde-Rasseliste in Nordrhein-Westfalen","https://www.openpetition.de/petition/online/abschaffung-der-hunde-rasseliste-in-nordrhein-westfalen"
"400","Bürgerinitiative „Keine Mülldeponie im Steinbruch“ Mainz","https://www.openpetition.de/petition/online/buergerinitiative-keine-muelldeponie-im-steinbruch-mainz"
